NOCTURNE,K001-2119,https://www.robertkaufman.com/assets/fabric/thumbs/K001-2119.jpg?v=1746121779,89,39,102
JULEP,K001-2018,https://www.robertkaufman.com/assets/fabric/thumbs/K001-2018.jpg?v=1746121779,174,226,203
CRUSH,K001-1995,https://www.robertkaufman.com/assets/fabric/thumbs/K001-1995.jpg?v=1746121779,227,25,47
EGGSHELL,K001-184,https://www.robertkaufman.com/assets/fabric/thumbs/K001-184.jpg?v=1746121779,255,235,204
CREAMSICLE,K001-185,https://www.robertkaufman.com/assets/fabric/thumbs/K001-185.jpg?v=1746121779,250,145,115
ALOHA,K001-1833,https://www.robertkaufman.com/assets/fabric/thumbs/K001-1833.jpg?v=1746121779,150,249,229
BALSAM,K001-1834,https://www.robertkaufman.com/assets/fabric/thumbs/K001-1834.jpg?v=1746121779,0,102,67
BANANA PEPPER,K001-1835,https://www.robertkaufman.com/assets/fabric/thumbs/K001-1835.jpg?v=1746121779,240,202,55
BOTANICAL,K001-1836,https://www.robertkaufman.com/assets/fabric/thumbs/K001-1836.jpg?v=1746121779,138,199,95
CHALKBOARD,K001-1837,https://www.robertkaufman.com/assets/fabric/thumbs/K001-1837.jpg?v=1746121779,80,97,105
CHILI,K001-1838,https://www.robertkaufman.com/assets/fabric/thumbs/K001-1838.jpg?v=1746121779,245,51,23
CLEMENTINE,K001-1839,https://www.robertkaufman.com/assets/fabric/thumbs/K001-1839.jpg?v=1746121779,253,116,20
DILL,K001-1840,https://www.robertkaufman.com/assets/fabric/thumbs/K001-1840.jpg?v=1746121779,110,137,96
DRAGON FRUIT,K001-1841,https://www.robertkaufman.com/assets/fabric/thumbs/K001-1841.jpg?v=1746121779,252,94,171
FERNDALE,K001-1842,https://www.robertkaufman.com/assets/fabric/thumbs/K001-1842.jpg?v=1746121779,96,220,148
GECKO,K001-1843,https://www.robertkaufman.com/assets/fabric/thumbs/K001-1843.jpg?v=1746121779,141,159,47
GRIZZLY,K001-1844,https://www.robertkaufman.com/assets/fabric/thumbs/K001-1844.jpg?v=1746121779,89,86,77
HARBOR,K001-1845,https://www.robertkaufman.com/assets/fabric/thumbs/K001-1845.jpg?v=1746121779,45,123,189
LEMON ICE,K001-1846,https://www.robertkaufman.com/assets/fabric/thumbs/K001-1846.jpg?v=1746121779,255,251,177
LIGHTHOUSE,K001-1847,https://www.robertkaufman.com/assets/fabric/thumbs/K001-1847.jpg?v=1746121779,199,208,207
MARMALADE,K001-1848,https://www.robertkaufman.com/assets/fabric/thumbs/K001-1848.jpg?v=1746121779,237,100,28
NACHO CHEESE,K001-1849,https://www.robertkaufman.com/assets/fabric/thumbs/K001-1849.jpg?v=1746121779,254,148,13
ORCHID ICE,K001-1850,https://www.robertkaufman.com/assets/fabric/thumbs/K001-1850.jpg?v=1746121779,195,168,211
OTTER,K001-1851,https://www.robertkaufman.com/assets/fabric/thumbs/K001-1851.jpg?v=1746121779,75,64,44
SEA MIST,K001-1852,https://www.robertkaufman.com/assets/fabric/thumbs/K001-1852.jpg?v=1746121779,212,250,225
SEASCAPE,K001-1853,https://www.robertkaufman.com/assets/fabric/thumbs/K001-1853.jpg?v=1746121779,118,209,227
SHARK,K001-1854,https://www.robertkaufman.com/assets/fabric/thumbs/K001-1854.jpg?v=1746121779,127,140,148
SUEDE,K001-1855,https://www.robertkaufman.com/assets/fabric/thumbs/K001-1855.jpg?v=1746121779,156,127,111
SUMMER PEAR,K001-1856,https://www.robertkaufman.com/assets/fabric/thumbs/K001-1856.jpg?v=1746121779,218,233,150
VELVET,K001-1857,https://www.robertkaufman.com/assets/fabric/thumbs/K001-1857.jpg?v=1746121779,91,55,142
CANTALOUPE,K001-59,https://www.robertkaufman.com/assets/fabric/thumbs/K001-59.jpg?v=1746121779,251,155,94
METAL,K001-106,https://www.robertkaufman.com/assets/fabric/thumbs/K001-106.jpg?v=1746121779,101,109,112
LEATHER,K001-178,https://www.robertkaufman.com/assets/fabric/thumbs/K001-178.jpg?v=1746121779,142,111,44
MANGO,K001-192,https://www.robertkaufman.com/assets/fabric/thumbs/K001-192.jpg?v=1746121779,252,137,83
PARAKEET,K001-221,https://www.robertkaufman.com/assets/fabric/thumbs/K001-221.jpg?v=1746121779,122,219,152
BREEZE,K001-266,https://www.robertkaufman.com/assets/fabric/thumbs/K001-266.jpg?v=1746121779,199,236,254
ARUBA,K001-837,https://www.robertkaufman.com/assets/fabric/thumbs/K001-837.jpg?v=1746121779,142,236,212
BRIGHT IDEA,K001-838,https://www.robertkaufman.com/assets/fabric/thumbs/K001-838.jpg?v=1746121779,252,229,74
DOVE,K001-839,https://www.robertkaufman.com/assets/fabric/thumbs/K001-839.jpg?v=1746121779,229,238,235
DUCKLING,K001-840,https://www.robertkaufman.com/assets/fabric/thumbs/K001-840.jpg?v=1746121779,252,195,26
EUCALYPTUS,K001-841,https://www.robertkaufman.com/assets/fabric/thumbs/K001-841.jpg?v=1746121779,216,214,173
KEY LIME,K001-842,https://www.robertkaufman.com/assets/fabric/thumbs/K001-842.jpg?v=1746121779,216,237,80
LINGERIE,K001-843,https://www.robertkaufman.com/assets/fabric/thumbs/K001-843.jpg?v=1746121779,241,222,208
PRINCESS,K001-844,https://www.robertkaufman.com/assets/fabric/thumbs/K001-844.jpg?v=1746121779,231,206,238
SASSY PINK,K001-845,https://www.robertkaufman.com/assets/fabric/thumbs/K001-845.jpg?v=1746121779,246,107,174
SEA GLASS,K001-846,https://www.robertkaufman.com/assets/fabric/thumbs/K001-846.jpg?v=1746121779,205,250,253
SPA BLUE,K001-847,https://www.robertkaufman.com/assets/fabric/thumbs/K001-847.jpg?v=1746121779,160,216,239
BLUEPRINT,K001-848,https://www.robertkaufman.com/assets/fabric/thumbs/K001-848.jpg?v=1746121779,8,85,165
DESERT GREEN,K001-849,https://www.robertkaufman.com/assets/fabric/thumbs/K001-849.jpg?v=1746121779,210,231,216
DOESKIN,K001-850,https://www.robertkaufman.com/assets/fabric/thumbs/K001-850.jpg?v=1746121779,197,185,169
MAC AND CHEESE,K001-851,https://www.robertkaufman.com/assets/fabric/thumbs/K001-851.jpg?v=1746121779,247,167,80
NOBLE PURPLE,K001-852,https://www.robertkaufman.com/assets/fabric/thumbs/K001-852.jpg?v=1746121779,63,60,137
ORANGEADE,K001-853,https://www.robertkaufman.com/assets/fabric/thumbs/K001-853.jpg?v=1746121779,249,100,60
OVERCAST,K001-854,https://www.robertkaufman.com/assets/fabric/thumbs/K001-854.jpg?v=1746121779,163,171,173
PRAIRIE SKY,K001-855,https://www.robertkaufman.com/assets/fabric/thumbs/K001-855.jpg?v=1746121779,131,202,246
QUICKSILVER,K001-856,https://www.robertkaufman.com/assets/fabric/thumbs/K001-856.jpg?v=1746121779,195,202,210
ROASTED PECAN,K001-857,https://www.robertkaufman.com/assets/fabric/thumbs/K001-857.jpg?v=1746121779,137,81,7
SHITAKE,K001-858,https://www.robertkaufman.com/assets/fabric/thumbs/K001-858.jpg?v=1746121779,192,190,178
ZINC,K001-859,https://www.robertkaufman.com/assets/fabric/thumbs/K001-859.jpg?v=1746121779,137,130,114
ACID LIME,K001-860,https://www.robertkaufman.com/assets/fabric/thumbs/K001-860.jpg?v=1746121779,248,254,24
BALLET SLIPPER,K001-861,https://www.robertkaufman.com/assets/fabric/thumbs/K001-861.jpg?v=1746121779,255,223,214
GOTHAM GREY,K001-862,https://www.robertkaufman.com/assets/fabric/thumbs/K001-862.jpg?v=1746121779,75,84,81
HAZE,K001-863,https://www.robertkaufman.com/assets/fabric/thumbs/K001-863.jpg?v=1746121779,234,235,229
PARIS BLUE,K001-864,https://www.robertkaufman.com/assets/fabric/thumbs/K001-864.jpg?v=1746121779,8,144,206
PIMENTO,K001-865,https://www.robertkaufman.com/assets/fabric/thumbs/K001-865.jpg?v=1746121779,221,48,18
WATERFALL,K001-866,https://www.robertkaufman.com/assets/fabric/thumbs/K001-866.jpg?v=1746121779,115,183,204
FOXGLOVE,K001-956,https://www.robertkaufman.com/assets/fabric/thumbs/K001-956.jpg?v=1746121779,226,171,176
SAFFRON,K001-1320,https://www.robertkaufman.com/assets/fabric/thumbs/K001-1320.jpg?v=1746121779,229,130,11
LAUREL,K001-30,https://www.robertkaufman.com/assets/fabric/thumbs/K001-30.jpg?v=1746121779,109,162,108
DAFFODIL,K001-148,https://www.robertkaufman.com/assets/fabric/thumbs/K001-148.jpg?v=1746121779,241,192,89
CABBAGE,K001-472,https://www.robertkaufman.com/assets/fabric/thumbs/K001-472.jpg?v=1746121779,172,196,102
GERANIUM,K001-473,https://www.robertkaufman.com/assets/fabric/thumbs/K001-473.jpg?v=1746121779,155,55,128
GOLDFISH,K001-474,https://www.robertkaufman.com/assets/fabric/thumbs/K001-474.jpg?v=1746121779,252,156,46
GRASSHOPPER,K001-475,https://www.robertkaufman.com/assets/fabric/thumbs/K001-475.jpg?v=1746121779,27,146,20
GRELLOW,K001-476,https://www.robertkaufman.com/assets/fabric/thumbs/K001-476.jpg?v=1746121779,223,151,4
HELIOTROPE,K001-477,https://www.robertkaufman.com/assets/fabric/thumbs/K001-477.jpg?v=1746121779,111,74,144
LIMESTONE,K001-478,https://www.robertkaufman.com/assets/fabric/thumbs/K001-478.jpg?v=1746121779,199,185,150
MEDITERRANEAN,K001-479,https://www.robertkaufman.com/assets/fabric/thumbs/K001-479.jpg?v=1746121779,4,94,157
PICKLE,K001-480,https://www.robertkaufman.com/assets/fabric/thumbs/K001-480.jpg?v=1746121779,176,155,4
SANGRIA,K001-481,https://www.robertkaufman.com/assets/fabric/thumbs/K001-481.jpg?v=1746121779,169,17,74
TERRACOTTA,K001-482,https://www.robertkaufman.com/assets/fabric/thumbs/K001-482.jpg?v=1746121779,197,76,29
ULTRA MARINE,K001-483,https://www.robertkaufman.com/assets/fabric/thumbs/K001-483.jpg?v=1746121779,1,103,92
ASTRAL,K001-484,https://www.robertkaufman.com/assets/fabric/thumbs/K001-484.jpg?v=1746121779,52,133,214
BALLERINA,K001-485,https://www.robertkaufman.com/assets/fabric/thumbs/K001-485.jpg?v=1746121779,217,146,190
COBBLESTONE,K001-486,https://www.robertkaufman.com/assets/fabric/thumbs/K001-486.jpg?v=1746121779,171,139,114
CORSAGE,K001-487,https://www.robertkaufman.com/assets/fabric/thumbs/K001-487.jpg?v=1746121779,240,165,221
DAHLIA,K001-488,https://www.robertkaufman.com/assets/fabric/thumbs/K001-488.jpg?v=1746121779,175,121,183
GUMDROP,K001-489,https://www.robertkaufman.com/assets/fabric/thumbs/K001-489.jpg?v=1746121779,204,83,152
HONEYSUCKLE,K001-490,https://www.robertkaufman.com/assets/fabric/thumbs/K001-490.jpg?v=1746121779,241,43,120
JAMAICA,K001-491,https://www.robertkaufman.com/assets/fabric/thumbs/K001-491.jpg?v=1746121779,33,205,229
LATTE,K001-492,https://www.robertkaufman.com/assets/fabric/thumbs/K001-492.jpg?v=1746121779,189,162,132
LIMELIGHT,K001-493,https://www.robertkaufman.com/assets/fabric/thumbs/K001-493.jpg?v=1746121779,206,208,83
MALIBU,K001-494,https://www.robertkaufman.com/assets/fabric/thumbs/K001-494.jpg?v=1746121779,10,118,190
MORNING GLORY,K001-495,https://www.robertkaufman.com/assets/fabric/thumbs/K001-495.jpg?v=1746121779,144,105,168
NECTARINE,K001-496,https://www.robertkaufman.com/assets/fabric/thumbs/K001-496.jpg?v=1746121779,240,96,59
NIAGARA,K001-497,https://www.robertkaufman.com/assets/fabric/thumbs/K001-497.jpg?v=1746121779,80,198,236
PARROT,K001-498,https://www.robertkaufman.com/assets/fabric/thumbs/K001-498.jpg?v=1746121779,103,194,41
SCONE,K001-499,https://www.robertkaufman.com/assets/fabric/thumbs/K001-499.jpg?v=1746121779,222,201,136
TITANIUM,K001-500,https://www.robertkaufman.com/assets/fabric/thumbs/K001-500.jpg?v=1746121779,143,152,161
BORDEAUX,K001-1039,https://www.robertkaufman.com/assets/fabric/thumbs/K001-1039.jpg?v=1746121779,106,11,55
DEEP ROSE,K001-1099,https://www.robertkaufman.com/assets/fabric/thumbs/K001-1099.jpg?v=1746121779,177,64,82
LT. PARFAIT,K001-1205,https://www.robertkaufman.com/assets/fabric/thumbs/K001-1205.jpg?v=1746121779,253,226,205
MAHOGANY,K001-1215,https://www.robertkaufman.com/assets/fabric/thumbs/K001-1215.jpg?v=1746121779,87,48,43
MOCHA,K001-1237,https://www.robertkaufman.com/assets/fabric/thumbs/K001-1237.jpg?v=1746121779,95,64,43
MUSTARD,K001-1240,https://www.robertkaufman.com/assets/fabric/thumbs/K001-1240.jpg?v=1746121779,246,209,138
OLD GREEN,K001-1259,https://www.robertkaufman.com/assets/fabric/thumbs/K001-1259.jpg?v=1746121779,128,174,128
OLIVE,K001-1263,https://www.robertkaufman.com/assets/fabric/thumbs/K001-1263.jpg?v=1746121779,153,144,49
SIENNA,K001-1332,https://www.robertkaufman.com/assets/fabric/thumbs/K001-1332.jpg?v=1746121779,186,80,58
SPRUCE,K001-1361,https://www.robertkaufman.com/assets/fabric/thumbs/K001-1361.jpg?v=1746121779,17,77,65
WATERMELON,K001-1384,https://www.robertkaufman.com/assets/fabric/thumbs/K001-1384.jpg?v=1746121779,234,38,74
AVOCADO,K001-1451,https://www.robertkaufman.com/assets/fabric/thumbs/K001-1451.jpg?v=1746121779,82,81,17
DENIM,K001-1452,https://www.robertkaufman.com/assets/fabric/thumbs/K001-1452.jpg?v=1746121779,112,142,192
LUPINE,K001-1484,https://www.robertkaufman.com/assets/fabric/thumbs/K001-1484.jpg?v=1746121779,193,142,185
OCHRE,K001-1704,https://www.robertkaufman.com/assets/fabric/thumbs/K001-1704.jpg?v=1746121779,240,168,57
POOL,K001-45,https://www.robertkaufman.com/assets/fabric/thumbs/K001-45.jpg?v=1746121779,18,215,198
STRAW,K001-186,https://www.robertkaufman.com/assets/fabric/thumbs/K001-186.jpg?v=1746121779,211,183,135
SWEET PEA,K001-201,https://www.robertkaufman.com/assets/fabric/thumbs/K001-201.jpg?v=1746121779,168,143,87
CELESTIAL,K001-233,https://www.robertkaufman.com/assets/fabric/thumbs/K001-233.jpg?v=1746121779,9,85,111
GRAPHITE,K001-295,https://www.robertkaufman.com/assets/fabric/thumbs/K001-295.jpg?v=1746121779,104,110,108
BREAKERS,K001-440,https://www.robertkaufman.com/assets/fabric/thumbs/K001-440.jpg?v=1746121779,6,162,174
BONSAI,K001-441,https://www.robertkaufman.com/assets/fabric/thumbs/K001-441.jpg?v=1746121779,136,134,23
CAPRI,K001-442,https://www.robertkaufman.com/assets/fabric/thumbs/K001-442.jpg?v=1746121779,61,224,221
CEDAR,K001-443,https://www.robertkaufman.com/assets/fabric/thumbs/K001-443.jpg?v=1746121779,191,98,20
FOG,K001-444,https://www.robertkaufman.com/assets/fabric/thumbs/K001-444.jpg?v=1746121779,160,193,200
KALE,K001-445,https://www.robertkaufman.com/assets/fabric/thumbs/K001-445.jpg?v=1746121779,14,177,134
OASIS,K001-446,https://www.robertkaufman.com/assets/fabric/thumbs/K001-446.jpg?v=1746121779,8,97,139
PUNCH,K001-447,https://www.robertkaufman.com/assets/fabric/thumbs/K001-447.jpg?v=1746121779,240,78,101
STRATOSPHERE,K001-448,https://www.robertkaufman.com/assets/fabric/thumbs/K001-448.jpg?v=1746121779,56,167,223
SUNNY,K001-449,https://www.robertkaufman.com/assets/fabric/thumbs/K001-449.jpg?v=1746121779,252,178,5
TORCH,K001-450,https://www.robertkaufman.com/assets/fabric/thumbs/K001-450.jpg?v=1746121779,248,105,3
VALENTINE,K001-451,https://www.robertkaufman.com/assets/fabric/thumbs/K001-451.jpg?v=1746121779,230,59,137
WASABI,K001-452,https://www.robertkaufman.com/assets/fabric/thumbs/K001-452.jpg?v=1746121779,230,207,51
PESTO,K001-453,https://www.robertkaufman.com/assets/fabric/thumbs/K001-453.jpg?v=1746121779,25,106,65
PRUSSIAN,K001-454,https://www.robertkaufman.com/assets/fabric/thumbs/K001-454.jpg?v=1746121779,5,48,83
RIVIERA,K001-455,https://www.robertkaufman.com/assets/fabric/thumbs/K001-455.jpg?v=1746121779,5,52,132
SHALE,K001-456,https://www.robertkaufman.com/assets/fabric/thumbs/K001-456.jpg?v=1746121779,125,145,133
SHADOW,K001-457,https://www.robertkaufman.com/assets/fabric/thumbs/K001-457.jpg?v=1746121779,203,202,200
STORM,K001-458,https://www.robertkaufman.com/assets/fabric/thumbs/K001-458.jpg?v=1746121779,8,36,60
BLUEGRASS,K001-1031,https://www.robertkaufman.com/assets/fabric/thumbs/K001-1031.jpg?v=1746121779,2,156,128
SILVER,K001-1333,https://www.robertkaufman.com/assets/fabric/thumbs/K001-1333.jpg?v=1746121779,226,227,231
WHEAT,K001-1386,https://www.robertkaufman.com/assets/fabric/thumbs/K001-1386.jpg?v=1746121779,203,170,129
WILLOW,K001-1388,https://www.robertkaufman.com/assets/fabric/thumbs/K001-1388.jpg?v=1746121779,1,110,81
WINE,K001-1390,https://www.robertkaufman.com/assets/fabric/thumbs/K001-1390.jpg?v=1746121779,152,25,42
PEWTER,K001-1470,https://www.robertkaufman.com/assets/fabric/thumbs/K001-1470.jpg?v=1746121779,128,126,114
CYPRESS,K001-1474,https://www.robertkaufman.com/assets/fabric/thumbs/K001-1474.jpg?v=1746121779,41,211,172
SMOKE,K001-1713,https://www.robertkaufman.com/assets/fabric/thumbs/K001-1713.jpg?v=1746121779,156,150,136
PERSIMMON,K001-84,https://www.robertkaufman.com/assets/fabric/thumbs/K001-84.jpg?v=1746121779,249,120,39
ASH,K001-1007,https://www.robertkaufman.com/assets/fabric/thumbs/K001-1007.jpg?v=1746121779,199,196,191
BONE,K001-1037,https://www.robertkaufman.com/assets/fabric/thumbs/K001-1037.jpg?v=1746121779,246,246,238
CANDY PINK,K001-1062,https://www.robertkaufman.com/assets/fabric/thumbs/K001-1062.jpg?v=1746121779,255,145,192
CHARCOAL,K001-1071,https://www.robertkaufman.com/assets/fabric/thumbs/K001-1071.jpg?v=1746121779,49,49,49
FOREST,K001-1145,https://www.robertkaufman.com/assets/fabric/thumbs/K001-1145.jpg?v=1746121779,15,58,38
LIME,K001-1192,https://www.robertkaufman.com/assets/fabric/thumbs/K001-1192.jpg?v=1746121779,142,151,36
MOSS,K001-1238,https://www.robertkaufman.com/assets/fabric/thumbs/K001-1238.jpg?v=1746121779,109,93,44
STEEL,K001-91,https://www.robertkaufman.com/assets/fabric/thumbs/K001-91.jpg?v=1746121779,86,93,99
WATER,K001-171,https://www.robertkaufman.com/assets/fabric/thumbs/K001-171.jpg?v=1746121779,25,169,222
BABY PINK,K001-189,https://www.robertkaufman.com/assets/fabric/thumbs/K001-189.jpg?v=1746121779,249,197,209
CAMELLIA,K001-190,https://www.robertkaufman.com/assets/fabric/thumbs/K001-190.jpg?v=1746121779,245,96,116
ALOE,K001-197,https://www.robertkaufman.com/assets/fabric/thumbs/K001-197.jpg?v=1746121779,122,207,176
SPROUT,K001-254,https://www.robertkaufman.com/assets/fabric/thumbs/K001-254.jpg?v=1746121779,196,217,98
FLAME,K001-323,https://www.robertkaufman.com/assets/fabric/thumbs/K001-323.jpg?v=1746121779,246,65,10
TULIP,K001-327,https://www.robertkaufman.com/assets/fabric/thumbs/K001-327.jpg?v=1746121779,117,82,136
ARTICHOKE,K001-347,https://www.robertkaufman.com/assets/fabric/thumbs/K001-347.jpg?v=1746121779,181,172,77
CARROT,K001-400,https://www.robertkaufman.com/assets/fabric/thumbs/K001-400.jpg?v=1746121779,234,96,31
ALEGRIA,K001-405,https://www.robertkaufman.com/assets/fabric/thumbs/K001-405.jpg?v=1746121779,51,169,215
CAPPUCCINO,K001-406,https://www.robertkaufman.com/assets/fabric/thumbs/K001-406.jpg?v=1746121779,110,86,58
CHESTNUT,K001-407,https://www.robertkaufman.com/assets/fabric/thumbs/K001-407.jpg?v=1746121779,80,52,13
IRON,K001-408,https://www.robertkaufman.com/assets/fabric/thumbs/K001-408.jpg?v=1746121779,178,186,189
JUNIPER,K001-409,https://www.robertkaufman.com/assets/fabric/thumbs/K001-409.jpg?v=1746121779,49,82,51
KUMQUAT,K001-410,https://www.robertkaufman.com/assets/fabric/thumbs/K001-410.jpg?v=1746121779,247,112,30
LEPRECHAUN,K001-411,https://www.robertkaufman.com/assets/fabric/thumbs/K001-411.jpg?v=1746121779,72,180,71
NAUTICAL,K001-412,https://www.robertkaufman.com/assets/fabric/thumbs/K001-412.jpg?v=1746121779,10,26,51
PARCHMENT,K001-413,https://www.robertkaufman.com/assets/fabric/thumbs/K001-413.jpg?v=1746121779,201,187,161
PEAPOD,K001-414,https://www.robertkaufman.com/assets/fabric/thumbs/K001-414.jpg?v=1746121779,189,191,19
REGAL,K001-415,https://www.robertkaufman.com/assets/fabric/thumbs/K001-415.jpg?v=1746121779,41,42,88
AZALEA,K001-419,https://www.robertkaufman.com/assets/fabric/thumbs/K001-419.jpg?v=1746121779,239,84,124
AMETHYST,K001-1003,https://www.robertkaufman.com/assets/fabric/thumbs/K001-1003.jpg?v=1746121779,122,112,165
AQUA,K001-1005,https://www.robertkaufman.com/assets/fabric/thumbs/K001-1005.jpg?v=1746121779,162,237,230
AZURE,K001-1009,https://www.robertkaufman.com/assets/fabric/thumbs/K001-1009.jpg?v=1746121779,104,235,230
BABY BLUE,K001-1010,https://www.robertkaufman.com/assets/fabric/thumbs/K001-1010.jpg?v=1746121779,182,232,239
BAHAMA BLUE,K001-1011,https://www.robertkaufman.com/assets/fabric/thumbs/K001-1011.jpg?v=1746121779,111,239,250
BISON,K001-1017,https://www.robertkaufman.com/assets/fabric/thumbs/K001-1017.jpg?v=1746121779,117,97,72
BLACK,K001-1019,https://www.robertkaufman.com/assets/fabric/thumbs/K001-1019.jpg?v=1746121779,31,33,32
BLUE,K001-1028,https://www.robertkaufman.com/assets/fabric/thumbs/K001-1028.jpg?v=1746121779,198,231,240
BLUE BELL,K001-1029,https://www.robertkaufman.com/assets/fabric/thumbs/K001-1029.jpg?v=1746121779,156,186,212
BLUSH PINK,K001-1036,https://www.robertkaufman.com/assets/fabric/thumbs/K001-1036.jpg?v=1746121779,238,121,148
CITRUS,K001-1077,https://www.robertkaufman.com/assets/fabric/thumbs/K001-1077.jpg?v=1746121779,240,206,10
LIPSTICK,K001-1194,https://www.robertkaufman.com/assets/fabric/thumbs/K001-1194.jpg?v=1746121779,239,0,21
MUSHROOM,K001-1239,https://www.robertkaufman.com/assets/fabric/thumbs/K001-1239.jpg?v=1746121779,144,128,102
NAVY,K001-1243,https://www.robertkaufman.com/assets/fabric/thumbs/K001-1243.jpg?v=1746121779,17,44,55
OYSTER,K001-1268,https://www.robertkaufman.com/assets/fabric/thumbs/K001-1268.jpg?v=1746121779,246,243,224
PEACOCK,K001-1282,https://www.robertkaufman.com/assets/fabric/thumbs/K001-1282.jpg?v=1746121779,23,180,223
POPPY,K001-1296,https://www.robertkaufman.com/assets/fabric/thumbs/K001-1296.jpg?v=1746121779,221,26,43
PUTTY,K001-1303,https://www.robertkaufman.com/assets/fabric/thumbs/K001-1303.jpg?v=1746121779,241,234,205
SLATE,K001-1336,https://www.robertkaufman.com/assets/fabric/thumbs/K001-1336.jpg?v=1746121779,92,107,130
SNOW,K001-1339,https://www.robertkaufman.com/assets/fabric/thumbs/K001-1339.jpg?v=1746121779,248,246,234
WHITE,K001-1387,https://www.robertkaufman.com/assets/fabric/thumbs/K001-1387.jpg?v=1746121779,247,247,249
WISTERIA,K001-1392,https://www.robertkaufman.com/assets/fabric/thumbs/K001-1392.jpg?v=1746121779,173,137,198
BISCUIT,K001-1473,https://www.robertkaufman.com/assets/fabric/thumbs/K001-1473.jpg?v=1746121779,155,126,82
AMBER,K001-1479,https://www.robertkaufman.com/assets/fabric/thumbs/K001-1479.jpg?v=1746121779,233,140,47
RICH RED,K001-1551,https://www.robertkaufman.com/assets/fabric/thumbs/K001-1551.jpg?v=1746121779,180,25,43
SPICE,K001-159,https://www.robertkaufman.com/assets/fabric/thumbs/K001-159.jpg?v=1746121779,164,61,18
POND,K001-200,https://www.robertkaufman.com/assets/fabric/thumbs/K001-200.jpg?v=1746121779,152,234,188
BUBBLE GUM,K001-261,https://www.robertkaufman.com/assets/fabric/thumbs/K001-261.jpg?v=1746121779,253,156,176
PRIMROSE,K001-274,https://www.robertkaufman.com/assets/fabric/thumbs/K001-274.jpg?v=1746121779,249,178,172
HERB,K001-340,https://www.robertkaufman.com/assets/fabric/thumbs/K001-340.jpg?v=1746121779,136,117,85
ASPARAGUS,K001-348,https://www.robertkaufman.com/assets/fabric/thumbs/K001-348.jpg?v=1746121779,141,211,141
BUTTERSCOTCH,K001-349,https://www.robertkaufman.com/assets/fabric/thumbs/K001-349.jpg?v=1746121779,236,159,67
CHEDDAR,K001-350,https://www.robertkaufman.com/assets/fabric/thumbs/K001-350.jpg?v=1746121779,247,176,60
GREEN TEA,K001-351,https://www.robertkaufman.com/assets/fabric/thumbs/K001-351.jpg?v=1746121779,201,216,131
RUBY,K001-352,https://www.robertkaufman.com/assets/fabric/thumbs/K001-352.jpg?v=1746121779,160,9,24
SUNFLOWER,K001-353,https://www.robertkaufman.com/assets/fabric/thumbs/K001-353.jpg?v=1746121779,247,199,73
ZUCCHINI,K001-354,https://www.robertkaufman.com/assets/fabric/thumbs/K001-354.jpg?v=1746121779,226,207,113
CAYENNE,K001-355,https://www.robertkaufman.com/assets/fabric/thumbs/K001-355.jpg?v=1746121779,179,47,43
EVERGLADE,K001-356,https://www.robertkaufman.com/assets/fabric/thumbs/K001-356.jpg?v=1746121779,0,81,76
LAPIS,K001-357,https://www.robertkaufman.com/assets/fabric/thumbs/K001-357.jpg?v=1746121779,59,77,143
PEPPER,K001-359,https://www.robertkaufman.com/assets/fabric/thumbs/K001-359.jpg?v=1746121779,33,47,48
DUSTY BLUE,K001-362,https://www.robertkaufman.com/assets/fabric/thumbs/K001-362.jpg?v=1746121779,147,192,195
BRICK,K001-1042,https://www.robertkaufman.com/assets/fabric/thumbs/K001-1042.jpg?v=1746121779,104,39,33
CARIBBEAN,K001-1064,https://www.robertkaufman.com/assets/fabric/thumbs/K001-1064.jpg?v=1746121779,0,102,128
CHAMPAGNE,K001-1069,https://www.robertkaufman.com/assets/fabric/thumbs/K001-1069.jpg?v=1746121779,230,215,182
COFFEE,K001-1083,https://www.robertkaufman.com/assets/fabric/thumbs/K001-1083.jpg?v=1746121779,72,54,40
EVERGREEN,K001-1137,https://www.robertkaufman.com/assets/fabric/thumbs/K001-1137.jpg?v=1746121779,51,69,43
RAISIN,K001-1469,https://www.robertkaufman.com/assets/fabric/thumbs/K001-1469.jpg?v=1746121779,66,32,48
CARAMEL,K001-1698,https://www.robertkaufman.com/assets/fabric/thumbs/K001-1698.jpg?v=1746121779,189,124,58
CELERY,K001-1706,https://www.robertkaufman.com/assets/fabric/thumbs/K001-1706.jpg?v=1746121779,227,214,144
PETUNIA,K001-24,https://www.robertkaufman.com/assets/fabric/thumbs/K001-24.jpg?v=1746121779,242,197,230
PEONY,K001-110,https://www.robertkaufman.com/assets/fabric/thumbs/K001-110.jpg?v=1746121779,255,196,203
EVENING,K001-195,https://www.robertkaufman.com/assets/fabric/thumbs/K001-195.jpg?v=1746121779,87,132,174
PANSY,K001-258,https://www.robertkaufman.com/assets/fabric/thumbs/K001-258.jpg?v=1746121779,201,146,203
BLUEBERRY,K001-277,https://www.robertkaufman.com/assets/fabric/thumbs/K001-277.jpg?v=1746121779,122,167,200
REGATTA,K001-346,https://www.robertkaufman.com/assets/fabric/thumbs/K001-346.jpg?v=1746121779,26,84,134
IVY,K001-165,https://www.robertkaufman.com/assets/fabric/thumbs/K001-165.jpg?v=1746121779,129,127,70
HIBISCUS,K001-188,https://www.robertkaufman.com/assets/fabric/thumbs/K001-188.jpg?v=1746121779,86,45,77
LAKE,K001-194,https://www.robertkaufman.com/assets/fabric/thumbs/K001-194.jpg?v=1746121779,171,219,242
BLUE JAY,K001-196,https://www.robertkaufman.com/assets/fabric/thumbs/K001-196.jpg?v=1746121779,124,157,226
PARSLEY,K001-198,https://www.robertkaufman.com/assets/fabric/thumbs/K001-198.jpg?v=1746121779,187,173,126
CACTUS,K001-199,https://www.robertkaufman.com/assets/fabric/thumbs/K001-199.jpg?v=1746121779,208,225,93
SABLE,K001-275,https://www.robertkaufman.com/assets/fabric/thumbs/K001-275.jpg?v=1746121779,117,91,64
TARRAGON,K001-316,https://www.robertkaufman.com/assets/fabric/thumbs/K001-316.jpg?v=1746121779,183,189,117
PERIDOT,K001-317,https://www.robertkaufman.com/assets/fabric/thumbs/K001-317.jpg?v=1746121779,117,134,28
GRAPEMIST,K001-318,https://www.robertkaufman.com/assets/fabric/thumbs/K001-318.jpg?v=1746121779,140,162,219
CHOCOLATE,K001-1073,https://www.robertkaufman.com/assets/fabric/thumbs/K001-1073.jpg?v=1746121779,76,59,43
GARNET,K001-1151,https://www.robertkaufman.com/assets/fabric/thumbs/K001-1151.jpg?v=1746121779,102,31,39
HONEY,K001-1162,https://www.robertkaufman.com/assets/fabric/thumbs/K001-1162.jpg?v=1746121779,206,177,107
DUSTY PEACH,K001-1465,https://www.robertkaufman.com/assets/fabric/thumbs/K001-1465.jpg?v=1746121779,251,199,185
SOUR APPLE,K001-144,https://www.robertkaufman.com/assets/fabric/thumbs/K001-144.jpg?v=1746121779,111,212,84
PEAR,K001-145,https://www.robertkaufman.com/assets/fabric/thumbs/K001-145.jpg?v=1746121779,152,234,134
GLACIER,K001-146,https://www.robertkaufman.com/assets/fabric/thumbs/K001-146.jpg?v=1746121779,9,114,118
JUNGLE,K001-147,https://www.robertkaufman.com/assets/fabric/thumbs/K001-147.jpg?v=1746121779,36,108,42
PAPAYA,K001-149,https://www.robertkaufman.com/assets/fabric/thumbs/K001-149.jpg?v=1746121779,254,173,21
PAPRIKA,K001-150,https://www.robertkaufman.com/assets/fabric/thumbs/K001-150.jpg?v=1746121779,172,48,24
CYAN,K001-151,https://www.robertkaufman.com/assets/fabric/thumbs/K001-151.jpg?v=1746121779,6,144,170
CLOUD,K001-152,https://www.robertkaufman.com/assets/fabric/thumbs/K001-152.jpg?v=1746121779,203,234,254
KIWI,K001-1188,https://www.robertkaufman.com/assets/fabric/thumbs/K001-1188.jpg?v=1746121779,33,189,64
PACIFIC,K001-90,https://www.robertkaufman.com/assets/fabric/thumbs/K001-90.jpg?v=1746121779,1,93,170
THISTLE,K001-134,https://www.robertkaufman.com/assets/fabric/thumbs/K001-134.jpg?v=1746121779,204,174,208
CLOVER,K001-135,https://www.robertkaufman.com/assets/fabric/thumbs/K001-135.jpg?v=1746121779,27,173,102
BASIL,K001-136,https://www.robertkaufman.com/assets/fabric/thumbs/K001-136.jpg?v=1746121779,76,109,66
EARTH,K001-138,https://www.robertkaufman.com/assets/fabric/thumbs/K001-138.jpg?v=1746121779,119,85,48
NIGHTFALL,K001-140,https://www.robertkaufman.com/assets/fabric/thumbs/K001-140.jpg?v=1746121779,13,36,78
CARNATION,K001-141,https://www.robertkaufman.com/assets/fabric/thumbs/K001-141.jpg?v=1746121779,254,157,190
CROCUS,K001-142,https://www.robertkaufman.com/assets/fabric/thumbs/K001-142.jpg?v=1746121779,136,87,153
PETAL,K001-143,https://www.robertkaufman.com/assets/fabric/thumbs/K001-143.jpg?v=1746121779,250,192,217
HONEY DEW,K001-21,https://www.robertkaufman.com/assets/fabric/thumbs/K001-21.jpg?v=1746121779,212,227,134
TOMATO,K001-7,https://www.robertkaufman.com/assets/fabric/thumbs/K001-7.jpg?v=1746121779,218,35,29
MULBERRY,K001-80,https://www.robertkaufman.com/assets/fabric/thumbs/K001-80.jpg?v=1746121779,104,48,109
LAGOON,K001-139,https://www.robertkaufman.com/assets/fabric/thumbs/K001-139.jpg?v=1746121779,1,150,206
SPRING,K001-29,https://www.robertkaufman.com/assets/fabric/thumbs/K001-29.jpg?v=1746121779,155,195,142
PALM,K001-31,https://www.robertkaufman.com/assets/fabric/thumbs/K001-31.jpg?v=1746121779,86,124,73
CREAM,K001-1090,https://www.robertkaufman.com/assets/fabric/thumbs/K001-1090.jpg?v=1746121779,255,233,199
RAFFIA,K001-1306,https://www.robertkaufman.com/assets/fabric/thumbs/K001-1306.jpg?v=1746121779,203,174,140
OCEAN,K001-25,https://www.robertkaufman.com/assets/fabric/thumbs/K001-25.jpg?v=1746121779,36,71,155
CANARY,K001-26,https://www.robertkaufman.com/assets/fabric/thumbs/K001-26.jpg?v=1746121779,251,209,61
CORNFLOWER,K001-27,https://www.robertkaufman.com/assets/fabric/thumbs/K001-27.jpg?v=1746121779,163,201,237
LEAF,K001-28,https://www.robertkaufman.com/assets/fabric/thumbs/K001-28.jpg?v=1746121779,85,161,96
LAVENDER,K001-1189,https://www.robertkaufman.com/assets/fabric/thumbs/K001-1189.jpg?v=1746121779,162,151,191
LEMON,K001-23,https://www.robertkaufman.com/assets/fabric/thumbs/K001-23.jpg?v=1746121779,254,226,126
SURF,K001-32,https://www.robertkaufman.com/assets/fabric/thumbs/K001-32.jpg?v=1746121779,9,99,175
PERIWINKLE,K001-1285,https://www.robertkaufman.com/assets/fabric/thumbs/K001-1285.jpg?v=1746121779,117,166,222
SAND,K001-1323,https://www.robertkaufman.com/assets/fabric/thumbs/K001-1323.jpg?v=1746121779,237,219,197
DEEP BLUE,K001-1541,https://www.robertkaufman.com/assets/fabric/thumbs/K001-1541.jpg?v=1746121779,33,54,121
SKY,K001-1513,https://www.robertkaufman.com/assets/fabric/thumbs/K001-1513.jpg?v=1746121779,227,252,249
ROBIN EGG,K001-1514,https://www.robertkaufman.com/assets/fabric/thumbs/K001-1514.jpg?v=1746121779,145,239,249
ORANGE,K001-1265,https://www.robertkaufman.com/assets/fabric/thumbs/K001-1265.jpg?v=1746121779,252,121,7
STONE,K001-1362,https://www.robertkaufman.com/assets/fabric/thumbs/K001-1362.jpg?v=1746121779,192,172,145
SCHOOL BUS,K001-1482,https://www.robertkaufman.com/assets/fabric/thumbs/K001-1482.jpg?v=1746121779,241,141,27
SALMON,K001-1483,https://www.robertkaufman.com/assets/fabric/thumbs/K001-1483.jpg?v=1746121779,255,139,116
DK. VIOLET,K001-1485,https://www.robertkaufman.com/assets/fabric/thumbs/K001-1485.jpg?v=1746121779,106,30,94
GRASS GREEN,K001-1703,https://www.robertkaufman.com/assets/fabric/thumbs/K001-1703.jpg?v=1746121779,117,151,67
BERRY,K001-1016,https://www.robertkaufman.com/assets/fabric/thumbs/K001-1016.jpg?v=1746121779,122,29,84
BUTTER,K001-1055,https://www.robertkaufman.com/assets/fabric/thumbs/K001-1055.jpg?v=1746121779,255,230,181
CHARTREUSE,K001-1072,https://www.robertkaufman.com/assets/fabric/thumbs/K001-1072.jpg?v=1746121779,191,211,60
SEAFOAM,K001-1328,https://www.robertkaufman.com/assets/fabric/thumbs/K001-1328.jpg?v=1746121779,189,225,199
VIOLET,K001-1383,https://www.robertkaufman.com/assets/fabric/thumbs/K001-1383.jpg?v=1746121779,161,104,149
YARROW,K001-1478,https://www.robertkaufman.com/assets/fabric/thumbs/K001-1478.jpg?v=1746121779,206,136,50
CHINESE RED,K001-1480,https://www.robertkaufman.com/assets/fabric/thumbs/K001-1480.jpg?v=1746121779,185,6,25
BANANA,K001-1481,https://www.robertkaufman.com/assets/fabric/thumbs/K001-1481.jpg?v=1746121779,253,214,121
CURRY,K001-1677,https://www.robertkaufman.com/assets/fabric/thumbs/K001-1677.jpg?v=1746121779,200,146,22
BROWN,K001-1045,https://www.robertkaufman.com/assets/fabric/thumbs/K001-1045.jpg?v=1746121779,96,49,33
BRT. PERI,K001-1048,https://www.robertkaufman.com/assets/fabric/thumbs/K001-1048.jpg?v=1746121779,97,75,150
BRT. PINK,K001-1049,https://www.robertkaufman.com/assets/fabric/thumbs/K001-1049.jpg?v=1746121779,233,74,158
BURGUNDY,K001-1054,https://www.robertkaufman.com/assets/fabric/thumbs/K001-1054.jpg?v=1746121779,83,21,34
BUTTERCUP,K001-1056,https://www.robertkaufman.com/assets/fabric/thumbs/K001-1056.jpg?v=1746121779,249,220,116
CADET,K001-1058,https://www.robertkaufman.com/assets/fabric/thumbs/K001-1058.jpg?v=1746121779,73,104,125
CANDY BLUE,K001-1060,https://www.robertkaufman.com/assets/fabric/thumbs/K001-1060.jpg?v=1746121779,125,164,205
CANDY GREEN,K001-1061,https://www.robertkaufman.com/assets/fabric/thumbs/K001-1061.jpg?v=1746121779,47,217,190
CARDINAL,K001-1063,https://www.robertkaufman.com/assets/fabric/thumbs/K001-1063.jpg?v=1746121779,200,4,40
CERISE,K001-1066,https://www.robertkaufman.com/assets/fabric/thumbs/K001-1066.jpg?v=1746121779,165,35,97
CINNAMON,K001-1075,https://www.robertkaufman.com/assets/fabric/thumbs/K001-1075.jpg?v=1746121779,150,49,29
COAL,K001-1080,https://www.robertkaufman.com/assets/fabric/thumbs/K001-1080.jpg?v=1746121779,90,88,89
COCOA,K001-1082,https://www.robertkaufman.com/assets/fabric/thumbs/K001-1082.jpg?v=1746121779,114,34,27
COPEN,K001-1084,https://www.robertkaufman.com/assets/fabric/thumbs/K001-1084.jpg?v=1746121779,60,109,165
CORAL,K001-1087,https://www.robertkaufman.com/assets/fabric/thumbs/K001-1087.jpg?v=1746121779,255,85,76
CORN YELLOW,K001-1089,https://www.robertkaufman.com/assets/fabric/thumbs/K001-1089.jpg?v=1746121779,247,183,34
CRIMSON,K001-1091,https://www.robertkaufman.com/assets/fabric/thumbs/K001-1091.jpg?v=1746121779,124,28,40
DELFT,K001-1101,https://www.robertkaufman.com/assets/fabric/thumbs/K001-1101.jpg?v=1746121779,82,126,153
DRESDEN BLUE,K001-1123,https://www.robertkaufman.com/assets/fabric/thumbs/K001-1123.jpg?v=1746121779,108,139,168
EGGPLANT,K001-1133,https://www.robertkaufman.com/assets/fabric/thumbs/K001-1133.jpg?v=1746121779,92,38,70
EMERALD,K001-1135,https://www.robertkaufman.com/assets/fabric/thumbs/K001-1135.jpg?v=1746121779,4,107,90
ESPRESSO,K001-1136,https://www.robertkaufman.com/assets/fabric/thumbs/K001-1136.jpg?v=1746121779,50,43,37
FERN,K001-1141,https://www.robertkaufman.com/assets/fabric/thumbs/K001-1141.jpg?v=1746121779,31,174,94
BELLINI,K001-1144,https://www.robertkaufman.com/assets/fabric/thumbs/K001-1144.jpg?v=1746121779,249,191,187
GOLD,K001-1154,https://www.robertkaufman.com/assets/fabric/thumbs/K001-1154.jpg?v=1746121779,199,121,39
HOLLY,K001-1161,https://www.robertkaufman.com/assets/fabric/thumbs/K001-1161.jpg?v=1746121779,8,131,84
HUNTER GREEN,K001-1166,https://www.robertkaufman.com/assets/fabric/thumbs/K001-1166.jpg?v=1746121779,53,77,55
HYACINTH,K001-1171,https://www.robertkaufman.com/assets/fabric/thumbs/K001-1171.jpg?v=1746121779,76,102,177
ICE FRAPPE,K001-1173,https://www.robertkaufman.com/assets/fabric/thumbs/K001-1173.jpg?v=1746121779,169,242,225
ICE PEACH,K001-1176,https://www.robertkaufman.com/assets/fabric/thumbs/K001-1176.jpg?v=1746121779,244,204,179
INDIGO,K001-1178,https://www.robertkaufman.com/assets/fabric/thumbs/K001-1178.jpg?v=1746121779,15,37,48
IVORY,K001-1181,https://www.robertkaufman.com/assets/fabric/thumbs/K001-1181.jpg?v=1746121779,234,229,209
JADE GREEN,K001-1183,https://www.robertkaufman.com/assets/fabric/thumbs/K001-1183.jpg?v=1746121779,9,157,157
KELLY,K001-1185,https://www.robertkaufman.com/assets/fabric/thumbs/K001-1185.jpg?v=1746121779,11,80,51
KHAKI,K001-1187,https://www.robertkaufman.com/assets/fabric/thumbs/K001-1187.jpg?v=1746121779,218,202,169
LILAC,K001-1191,https://www.robertkaufman.com/assets/fabric/thumbs/K001-1191.jpg?v=1746121779,193,170,199
MAGENTA,K001-1214,https://www.robertkaufman.com/assets/fabric/thumbs/K001-1214.jpg?v=1746121779,166,94,157
MAIZE,K001-1216,https://www.robertkaufman.com/assets/fabric/thumbs/K001-1216.jpg?v=1746121779,250,232,148
MARINE,K001-1218,https://www.robertkaufman.com/assets/fabric/thumbs/K001-1218.jpg?v=1746121779,16,56,128
MED. GREY,K001-1223,https://www.robertkaufman.com/assets/fabric/thumbs/K001-1223.jpg?v=1746121779,117,115,128
MED. PINK,K001-1225,https://www.robertkaufman.com/assets/fabric/thumbs/K001-1225.jpg?v=1746121779,255,180,190
MELON,K001-1228,https://www.robertkaufman.com/assets/fabric/thumbs/K001-1228.jpg?v=1746121779,248,126,137
MERINGUE,K001-1229,https://www.robertkaufman.com/assets/fabric/thumbs/K001-1229.jpg?v=1746121779,251,232,176
MIDNIGHT,K001-1232,https://www.robertkaufman.com/assets/fabric/thumbs/K001-1232.jpg?v=1746121779,43,21,59
MINT,K001-1234,https://www.robertkaufman.com/assets/fabric/thumbs/K001-1234.jpg?v=1746121779,199,250,194
O.D. GREEN,K001-1256,https://www.robertkaufman.com/assets/fabric/thumbs/K001-1256.jpg?v=1746121779,124,144,107
ORCHID,K001-1266,https://www.robertkaufman.com/assets/fabric/thumbs/K001-1266.jpg?v=1746121779,236,205,223
SHELL,K001-1271,https://www.robertkaufman.com/assets/fabric/thumbs/K001-1271.jpg?v=1746121779,251,230,225
PEACH,K001-1281,https://www.robertkaufman.com/assets/fabric/thumbs/K001-1281.jpg?v=1746121779,252,184,163
PEARL PINK,K001-1283,https://www.robertkaufman.com/assets/fabric/thumbs/K001-1283.jpg?v=1746121779,253,229,229
PINK,K001-1291,https://www.robertkaufman.com/assets/fabric/thumbs/K001-1291.jpg?v=1746121779,253,196,202
PISTACHIO,K001-1293,https://www.robertkaufman.com/assets/fabric/thumbs/K001-1293.jpg?v=1746121779,130,201,133
PLUM,K001-1294,https://www.robertkaufman.com/assets/fabric/thumbs/K001-1294.jpg?v=1746121779,149,70,99
POMEGRANATE,K001-1295,https://www.robertkaufman.com/assets/fabric/thumbs/K001-1295.jpg?v=1746121779,219,13,88
PURPLE,K001-1301,https://www.robertkaufman.com/assets/fabric/thumbs/K001-1301.jpg?v=1746121779,73,43,93
RED,K001-1308,https://www.robertkaufman.com/assets/fabric/thumbs/K001-1308.jpg?v=1746121779,213,13,41
ROSE,K001-1310,https://www.robertkaufman.com/assets/fabric/thumbs/K001-1310.jpg?v=1746121779,202,137,131
ROYAL,K001-1314,https://www.robertkaufman.com/assets/fabric/thumbs/K001-1314.jpg?v=1746121779,5,62,131
SAGE,K001-1321,https://www.robertkaufman.com/assets/fabric/thumbs/K001-1321.jpg?v=1746121779,107,190,172
TAN,K001-1369,https://www.robertkaufman.com/assets/fabric/thumbs/K001-1369.jpg?v=1746121779,223,204,172
TANGERINE,K001-1370,https://www.robertkaufman.com/assets/fabric/thumbs/K001-1370.jpg?v=1746121779,250,97,17
TAUPE,K001-1371,https://www.robertkaufman.com/assets/fabric/thumbs/K001-1371.jpg?v=1746121779,174,144,118
TEAL BLUE,K001-1373,https://www.robertkaufman.com/assets/fabric/thumbs/K001-1373.jpg?v=1746121779,69,126,145
TURQUOISE,K001-1376,https://www.robertkaufman.com/assets/fabric/thumbs/K001-1376.jpg?v=1746121779,0,149,190
WINDSOR,K001-1389,https://www.robertkaufman.com/assets/fabric/thumbs/K001-1389.jpg?v=1746121779,28,57,71
WOODROSE,K001-1393,https://www.robertkaufman.com/assets/fabric/thumbs/K001-1393.jpg?v=1746121779,245,153,164
CELADON,K001-1065,https://www.robertkaufman.com/assets/fabric/thumbs/K001-1065.jpg?v=1746121779,126,168,118
NATURAL,K001-1242,https://www.robertkaufman.com/assets/fabric/thumbs/K001-1242.jpg?v=1746121779,246,241,235
PFD BLEACH WHT,K001-1287,https://www.robertkaufman.com/assets/fabric/thumbs/K001-1287.jpg?v=1746121779,246,246,244
